ID,Harvest_Method,Cultivar_Type,Soil_Structure,Runoff,Soil_Texture,Organic_Matter_Content
537,MAnual,Hibrido,GRANULAR,NINGUNO,FrL,BAJA
543,Manual,Hibrido,GRANULAR,NINGUNO,ArL,NA
53,Manual,Hibrido,GRANULAR,NINGUNO,AF,MEDIA
54,Manual,Hibrido,GRANULAR,NINGUNO,FrL,BAJA
56,Manual,Hibrido,GRANULAR,NINGUNO,FAr,BAJA
57,Manual,Hibrido,GRANULAR,NINGUNO,FrL,BAJA
273,Manual,Hibrido,GRANULAR,NINGUNO,ArA,BAJA
282,Manual,Hibrido,GRANULAR,NINGUNO,FAr,BAJA
283,Manual,Hibrido,GRANULAR,NINGUNO,FA,MEDIA
284,Manual,Hibrido,GRANULAR,NINGUNO,L,BAJA
286,Manual,Hibrido,GRANULAR,NINGUNO,ArA,BAJA
287,Manual,Hibrido,GRANULAR,NINGUNO,FrL,BAJA
288,Manual,Hibrido,GRANULAR,NINGUNO,FA,MEDIA
289,MECANIZADA,Hibrido,GRANULAR,NINGUNO,FrL,BAJA
290,Manual,Hibrido,GRANULAR,NINGUNO,FrL,MEDIA
291,Manual,Hibrido,GRANULAR,NINGUNO,FrL,BAJA
293,Manual,Hibrido,GRANULAR,NINGUNO,FA,MEDIA
294,Manual,Hibrido,MASIVA,NINGUNO,FrL,MEDIA
295,Manual,Hibrido,MASIVA,NINGUNO,FrL,NA
536,Manual,Hibrido,MASIVA,NINGUNO,FrL,MEDIA
539,Manual,Hibrido,MASIVA,NINGUNO,ArL,MEDIA
540,Manual,Hibrido,ATERRONADA,LENTO,Ar,MEDIA
548,Manual,Hibrido,MASIVA,NINGUNO,ArA,MEDIA
549,Manual,Hibrido,MASIVA,LENTO,FrL,MEDIA
559,Manual,Hibrido,ATERRONADA,NINGUNO,Ar,MEDIA
560,Manual,Hibrido,ATERRONADA,NINGUNO,Ar,MEDIA
617,Manual,Hibrido,ATERRONADA,LENTO,Ar,MEDIA
618,Manual,Hibrido,ATERRONADA,NINGUNO,Ar,MEDIA
3277,Manual,Hibrido,MASIVA,NINGUNO,FrL,MEDIA
766,Manual,Variedad,NA,NINGUNO,FrL,MEDIA
781,Manual,Hibrido,MASIVA,NINGUNO,FrL,MEDIA
783,Manual,Hibrido,MASIVA,NINGUNO,ArA,MEDIA
784,Manual,Hibrido,MASIVA,NINGUNO,ArL,MEDIA
788,Manual,Hibrido,MASIVA,NINGUNO,FrL,MEDIA
791,Manual,Hibrido,MASIVA,NINGUNO,FrL,MEDIA
804,Mecanizada,Hibrido,ATERRONADA,LENTO,Ar,MEDIA
805,Manual,Hibrido,MASIVA,NINGUNO,FrL,MEDIA
806,Manual,Hibrido,MASIVA,NINGUNO,FrL,MEDIA
814,Mecanizada,Hibrido,MASIVA,LENTO,FrL,BAJA
816,Mecanizada,Hibrido,ATERRONADA,NINGUNO,Ar,MEDIA
817,Mecanizada,Hibrido,ATERRONADA,NINGUNO,Ar,MEDIA
818,Mecanizada,Hibrido,MASIVA,NINGUNO,Ar,BAJA
820,Mecanizada,Hibrido,MASIVA,NINGUNO,Ar,MEDIA
821,Manual,Hibrido,ATERRONADA,NINGUNO,Ar,MEDIA
823,Manual,Hibrido,MASIVA,NINGUNO,Ar,MEDIA
824,Manual,Hibrido,ATERRONADA,LENTO,FAr,MEDIA
826,Mecanizada,Hibrido,MASIVA,NINGUNO,Ar,MEDIA
827,Manual,Hibrido,MASIVA,NINGUNO,Ar,MEDIA
829,Manual,Hibrido,MASIVA,NINGUNO,ArL,BAJA
830,Mecanizada,Hibrido,MASIVA,LENTO,Ar,BAJA
835,Manual,Hibrido,ATERRONADA,NINGUNO,Ar,MEDIA
838,Manual,Hibrido,MASIVA,NINGUNO,Ar,BAJA
840,Mecanizada,Hibrido,ATERRONADA,NINGUNO,Ar,NA
1770,Mecanizada,Hibrido,ATERRONADA,NINGUNO,Ar,MEDIA
1771,Manual,Hibrido,ATERRONADA,NINGUNO,Ar,MEDIA
1772,Manual,Hibrido,ATERRONADA,LENTO,Ar,MEDIA
1773,Manual,Hibrido,MASIVA,NINGUNO,Ar,MEDIA
1799,Manual,Hibrido,ATERRONADA,NINGUNO,Ar,MEDIA
1800,Mecanizada,Hibrido,MASIVA,NINGUNO,Ar,MEDIA
2010,Manual,Hibrido,MASIVA,LENTO,FrL,MEDIA
2011,Mecanizada,Hibrido,ATERRONADA,LENTO,Ar,MEDIA
2015,Mecanizada,Hibrido,ATERRONADA,NINGUNO,Ar,MEDIA
2016,Manual,Hibrido,ATERRONADA,NINGUNO,Ar,MEDIA
2020,Mecanizada,Hibrido,ATERRONADA,NINGUNO,Ar,MEDIA
2021,Manual,Hibrido,MASIVA,NINGUNO,Ar,BAJA
2022,Manual,Hibrido,MASIVA,NINGUNO,FA,BAJA
2029,Manual,Hibrido,MASIVA,LENTO,FA,MEDIA
2031,Manual,Hibrido,ATERRONADA,NINGUNO,FAr,MEDIA
2032,Manual,Hibrido,MASIVA,NINGUNO,FrL,MEDIA
2035,Manual,Hibrido,ATERRONADA,NINGUNO,Ar,MEDIA
2038,Mecanizada,Hibrido,ATERRONADA,LENTO,Ar,MEDIA
2039,Manual,Hibrido,MASIVA,LENTO,Ar,MEDIA
2040,Mecanizada,Hibrido,GRANULAR,NINGUNO,FrL,BAJA
2041,Manual,Hibrido,GRANULAR,NINGUNO,FrL,MEDIA
2042,Mecanizada,OGM,GRANULAR,LENTO,FA,MEDIA
2043,Mecanizada,OGM,GRANULAR,LENTO,FA,MEDIA
2044,Manual,Hibrido,GRANULAR,NINGUNO,FAr,MEDIA
2045,Manual,Hibrido,ATERRONADA,NINGUNO,ArL,BAJA
2048,Manual,Hibrido,ATERRONADA,NINGUNO,L,MEDIA
2050,Mecanizada,OGM,GRANULAR,LENTO,FA,MEDIA
2051,Mecanizada,Hibrido,GRANULAR,LENTO,FA,MEDIA
2052,Manual,Hibrido,GRANULAR,NINGUNO,F,MEDIA
2053,Mecanizada,OGM,ATERRONADA,NINGUNO,ArL,MEDIA
2069,Manual,Hibrido,ATERRONADA,NINGUNO,FAr,BAJA
2078,Manual,OGM,ATERRONADA,NINGUNO,FAr,BAJA
2079,Manual,Hibrido,ATERRONADA,NINGUNO,FrL,BAJA
2080,Manual,Hibrido,ATERRONADA,NINGUNO,FrL,MEDIA
2081,Manual,OGM,ATERRONADA,NINGUNO,L,MEDIA
2082,Mecanizada,OGM,ATERRONADA,LENTO,FAr,BAJA
2083,Manual,OGM,ATERRONADA,LENTO,FAr,BAJA
2084,Manual,Hibrido,ATERRONADA,NINGUNO,L,BAJA
2086,Manual,Hibrido,ATERRONADA,NINGUNO,FrL,BAJA
2088,Manual,Hibrido,ATERRONADA,NINGUNO,L,BAJA
2089,Mecanizada,Hibrido,ATERRONADA,NINGUNO,FrL,MEDIA
2090,Mecanizada,Hibrido,ATERRONADA,NINGUNO,FAr,MEDIA
2091,Manual,OGM,ATERRONADA,NINGUNO,ArA,MEDIA
2092,Manual,Hibrido,GRANULAR,NINGUNO,FAr,MEDIA
2107,Manual,Hibrido,ATERRONADA,NINGUNO,FAr,BAJA
2110,Manual,Hibrido,ATERRONADA,NINGUNO,FrL,MEDIA
2111,Manual,Hibrido,GRANULAR,NINGUNO,FrL,BAJA
2113,Manual,OGM,ATERRONADA,NINGUNO,FrL,MEDIA
2117,Mecanizada,OGM,GRANULAR,LENTO,FAr,MEDIA
2118,Mecanizada,OGM,ATERRONADA,LENTO,FAr,BAJA
2119,Mecanizada,OGM,GRANULAR,LENTO,FAr,MEDIA
2120,Mecanizada,OGM,GRANULAR,LENTO,FAr,BAJA
2128,Manual,Hibrido,ATERRONADA,NINGUNO,L,MEDIA
2129,Manual,Hibrido,ATERRONADA,NINGUNO,F,MEDIA
2130,Mecanizada,Hibrido,GRANULAR,NINGUNO,FA,BAJA
2132,Manual,Hibrido,GRANULAR,NINGUNO,L,BAJA
2135,Manual,Hibrido,GRANULAR,NINGUNO,FrL,BAJA
2136,Mecanizada,Hibrido,GRANULAR,NINGUNO,Ar,MEDIA
2137,Manual,Hibrido,GRANULAR,NINGUNO,FrL,BAJA
2138,Manual,Hibrido,ATERRONADA,NINGUNO,F,BAJA
2140,Manual,Hibrido,GRANULAR,NINGUNO,FAr,BAJA
2154,Manual,Hibrido,GRANULAR,NINGUNO,FAr,BAJA
2157,Manual,OGM,GRANULAR,NINGUNO,F,BAJA
2158,Manual,Hibrido,GRANULAR,NINGUNO,FA,MEDIA
2159,Manual,Hibrido,GRANULAR,NINGUNO,F,BAJA
2160,Mecanizada,OGM,GRANULAR,LENTO,FAr,MEDIA
2161,Manual,OGM,GRANULAR,LENTO,FAr,BAJA
2163,Manual,OGM,GRANULAR,LENTO,FAr,BAJA
2164,Manual,OGM,GRANULAR,LENTO,FAr,MEDIA
2165,Manual,Hibrido,ATERRONADA,NINGUNO,ArL,BAJA
2166,Manual,Hibrido,GRANULAR,LENTO,FAr,MEDIA
2167,Mecanizada,Hibrido,ATERRONADA,NINGUNO,Ar,MEDIA
2206,Manual,Hibrido,GRANULAR,LENTO,FAr,MEDIA
2207,Manual,Hibrido,GRANULAR,LENTO,FAr,MEDIA
2211,Mecanizada,OGM,ATERRONADA,NINGUNO,ArL,MEDIA
2214,Mecanizada,OGM,ATERRONADA,LENTO,FAr,MEDIA
2216,Manual,OGM,GRANULAR,LENTO,FAr,BAJA
2218,Manual,OGM,ATERRONADA,LENTO,FAr,MEDIA
2220,Manual,Hibrido,ATERRONADA,NINGUNO,FAr,BAJA
2222,Manual,Hibrido,GRANULAR,NINGUNO,FA,MEDIA
2224,Manual,Hibrido,GRANULAR,NINGUNO,FA,BAJA
2225,Manual,Hibrido,ATERRONADA,NINGUNO,FAr,MEDIA
2228,Mecanizada,Hibrido,GRANULAR,NINGUNO,F,BAJA
2229,Manual,Hibrido,ATERRONADA,NINGUNO,FAr,BAJA
2233,Manual,Hibrido,GRANULAR,NINGUNO,FAr,BAJA
2234,Manual,Hibrido,ATERRONADA,NINGUNO,F,BAJA
2235,Mecanizada,Hibrido,GRANULAR,LENTO,FAr,MEDIA
2236,Mecanizada,Hibrido,ATERRONADA,NINGUNO,FA,MEDIA
2237,Manual,Hibrido,ATERRONADA,LENTO,FAr,MEDIA
2238,Mecanizada,OGM,GRANULAR,LENTO,FA,MEDIA
2241,Manual,OGM,ATERRONADA,LENTO,FAr,BAJA
2242,Manual,OGM,ATERRONADA,LENTO,FAr,BAJA
2243,Manual,OGM,ATERRONADA,LENTO,FAr,BAJA
2267,Mecanizada,OGM,GRANULAR,LENTO,FAr,MEDIA
2275,Mecanizada,OGM,GRANULAR,LENTO,ArA,BAJA
2277,Manual,OGM,ATERRONADA,NINGUNO,FAr,BAJA
2280,Manual,Hibrido,ATERRONADA,NINGUNO,FAr,BAJA
2281,Mecanizada,Hibrido,GRANULAR,LENTO,FAr,MEDIA
2282,Mecanizada,OGM,ATERRONADA,LENTO,FrL,MEDIA
2283,Manual,OGM,ATERRONADA,NINGUNO,L,MEDIA
2284,Mecanizada,OGM,ATERRONADA,NINGUNO,FAr,MEDIA
2293,Mecanizada,OGM,ATERRONADA,LENTO,FAr,MEDIA
2298,Manual,OGM,ATERRONADA,NINGUNO,FrL,MEDIA
2314,Manual,Variedad,ATERRONADA,NINGUNO,FrL,MEDIA
2351,Mecanizada,OGM,ATERRONADA,LENTO,FAr,MEDIA
2352,Manual,OGM,ATERRONADA,NINGUNO,FrL,MEDIA
2387,Manual,Hibrido,GRANULAR,NINGUNO,FA,BAJA
2391,Manual,Hibrido,ATERRONADA,NINGUNO,FA,MEDIA
2392,Manual,Hibrido,ATERRONADA,NINGUNO,L,MEDIA
2404,Manual,Hibrido,ATERRONADA,NINGUNO,FrL,MEDIA
2406,Manual,OGM,GRANULAR,NINGUNO,Ar,MEDIA
2457,Manual,OGM,GRANULAR,LENTO,FAr,MEDIA
2458,Mecanizada,OGM,ATERRONADA,LENTO,FA,MEDIA
2465,Manual,OGM,GRANULAR,LENTO,FAr,MEDIA
2466,Manual,OGM,GRANULAR,LENTO,FAr,MEDIA
2472,Manual,Hibrido,GRANULAR,LENTO,FAr,MEDIA
2474,Mecanizada,Hibrido,GRANULAR,NINGUNO,FAr,MEDIA
2501,Manual,OGM,GRANULAR,LENTO,FAr,MEDIA
2506,Mecanizada,Hibrido,ATERRONADA,NINGUNO,FAr,BAJA
2507,Manual,OGM,GRANULAR,LENTO,FA,MEDIA
2508,Mecanizada,OGM,ATERRONADA,NINGUNO,FAr,MEDIA
2510,Manual,Hibrido,ATERRONADA,NINGUNO,F,BAJA
2511,Manual,Hibrido,ATERRONADA,NINGUNO,ArL,MEDIA
2535,Manual,OGM,GRANULAR,LENTO,FAr,BAJA
2536,Manual,OGM,GRANULAR,LENTO,FAr,MEDIA
2539,Manual,Hibrido,ATERRONADA,LENTO,ArA,MEDIA
2540,Manual,OGM,ATERRONADA,NINGUNO,FrL,MEDIA
2545,Manual,OGM,ATERRONADA,NINGUNO,FAr,BAJA
2550,Mecanizada,Hibrido,ATERRONADA,NINGUNO,FAr,MEDIA
2560,Manual,Hibrido,ATERRONADA,NINGUNO,FAr,MEDIA
2573,Manual,OGM,ATERRONADA,NINGUNO,F,BAJA
2577,Manual,OGM,ATERRONADA,NINGUNO,L,BAJA
2579,Manual,OGM,ATERRONADA,NINGUNO,FAr,BAJA
2609,Manual,Hibrido,ATERRONADA,NINGUNO,ArL,BAJA
2635,Manual,Hibrido,GRANULAR,LENTO,FAr,MEDIA
2636,Manual,OGM,ATERRONADA,LENTO,FAr,BAJA
2637,Manual,OGM,GRANULAR,LENTO,FAr,MEDIA
2641,Manual,OGM,GRANULAR,LENTO,FAr,BAJA
2643,Manual,Hibrido,GRANULAR,LENTO,FAr,MEDIA
2661,Manual,Hibrido,GRANULAR,LENTO,FAr,MEDIA
2662,Mecanizada,Hibrido,ATERRONADA,NINGUNO,Ar,MEDIA
2663,Mecanizada,OGM,ATERRONADA,NINGUNO,ArL,BAJA
2666,Manual,Hibrido,ATERRONADA,NINGUNO,FAr,MEDIA
2668,Mecanizada,Hibrido,ATERRONADA,NINGUNO,FrL,BAJA
2669,Manual,OGM,GRANULAR,LENTO,FAr,BAJA
2675,Manual,Hibrido,GRANULAR,LENTO,FAr,BAJA
2678,Manual,Hibrido,ATERRONADA,NINGUNO,FAr,MEDIA
2679,Manual,Hibrido,GRANULAR,LENTO,FAr,BAJA
2680,Manual,Hibrido,ATERRONADA,NINGUNO,FAr,MEDIA
2681,Mecanizada,OGM,ATERRONADA,NINGUNO,FAr,MEDIA
2688,Manual,OGM,ATERRONADA,NINGUNO,FAr,MEDIA
2690,Manual,Hibrido,ATERRONADA,NINGUNO,FrL,MEDIA
2694,Manual,Hibrido,GRANULAR,NINGUNO,F,MEDIA
2718,Manual,Hibrido,ATERRONADA,NINGUNO,L,MEDIA
2719,Manual,Hibrido,ATERRONADA,NINGUNO,FrL,MEDIA
2721,Manual,Hibrido,ATERRONADA,NINGUNO,FAr,MEDIA
2722,Manual,OGM,ATERRONADA,NINGUNO,F,MEDIA
2723,Manual,Hibrido,ATERRONADA,NINGUNO,ArA,MEDIA
2733,Manual,Hibrido,ATERRONADA,NINGUNO,Ar,MEDIA
2735,Manual,Hibrido,ATERRONADA,NINGUNO,F,MEDIA
2736,Mecanizada,OGM,ATERRONADA,NINGUNO,FrL,MEDIA
2739,Mecanizada,OGM,GRANULAR,NINGUNO,ArA,MEDIA
2740,Manual,OGM,ATERRONADA,NINGUNO,Ar,MEDIA
2746,Manual,Hibrido,GRANULAR,NINGUNO,F,MEDIA
2757,Manual,Hibrido,GRANULAR,NINGUNO,ArL,MEDIA
2762,Manual,OGM,GRANULAR,NINGUNO,FA,MEDIA
2766,Manual,Hibrido,ATERRONADA,NINGUNO,FA,MEDIA
2767,Manual,Hibrido,GRANULAR,NINGUNO,FAr,BAJA
2771,Manual,Hibrido,ATERRONADA,NINGUNO,FA,BAJA
2772,Manual,Hibrido,GRANULAR,NINGUNO,FA,MEDIA
2773,Manual,Hibrido,GRANULAR,NINGUNO,FA,MEDIA
2774,Manual,Hibrido,GRANULAR,NINGUNO,FAr,BAJA
2775,Manual,OGM,GRANULAR,NINGUNO,FAr,BAJA
2860,Manual,OGM,GRANULAR,NINGUNO,FA,MEDIA
2862,Manual,OGM,GRANULAR,NINGUNO,F,BAJA
2863,Manual,Hibrido,ATERRONADA,NINGUNO,F,BAJA
2864,Manual,Hibrido,GRANULAR,NINGUNO,FAr,BAJA
2865,Mecanizada,OGM,GRANULAR,NINGUNO,F,BAJA
2866,Mecanizada,Hibrido,ATERRONADA,NINGUNO,F,MEDIA
2867,Mecanizada,OGM,GRANULAR,NINGUNO,F,MEDIA
2873,Manual,Hibrido,ATERRONADA,NINGUNO,ArL,MEDIA
2886,Manual,OGM,GRANULAR,LENTO,FAr,MEDIA
2888,Manual,OGM,ATERRONADA,NINGUNO,FrL,MEDIA
2890,Manual,OGM,ATERRONADA,LENTO,FAr,MEDIA
2891,Manual,Hibrido,ATERRONADA,NINGUNO,L,MEDIA
2892,Manual,OGM,ATERRONADA,LENTO,FAr,MEDIA
2893,Mecanizada,OGM,GRANULAR,NINGUNO,L,MEDIA
2895,Manual,OGM,ATERRONADA,NINGUNO,FA,MEDIA
2898,Manual,OGM,GRANULAR,NINGUNO,FAr,BAJA
2901,Manual,Hibrido,GRANULAR,LENTO,FAr,MEDIA
2902,Manual,OGM,GRANULAR,LENTO,FAr,MEDIA
2917,Manual,Hibrido,GRANULAR,LENTO,FAr,MEDIA
2921,Manual,Hibrido,GRANULAR,LENTO,FAr,MEDIA
2937,Mecanizada,OGM,GRANULAR,LENTO,FAr,MEDIA
2944,Manual,OGM,ATERRONADA,NINGUNO,F,MEDIA
2948,Manual,OGM,GRANULAR,NINGUNO,FA,MEDIA
2953,Manual,OGM,ATERRONADA,NINGUNO,F,BAJA
2954,Mecanizada,OGM,GRANULAR,LENTO,FAr,MEDIA
3103,Manual,OGM,ATERRONADA,LENTO,FAr,MEDIA
3106,Manual,OGM,ATERRONADA,NINGUNO,Ar,MEDIA
3122,Manual,Hibrido,GRANULAR,NINGUNO,F,MEDIA
3124,Manual,Hibrido,ATERRONADA,NINGUNO,Ar,MEDIA
3125,Manual,OGM,ATERRONADA,NINGUNO,FAr,BAJA
3135,Manual,Hibrido,ATERRONADA,NINGUNO,FAr,MEDIA
3280,Manual,Hibrido,ATERRONADA,NINGUNO,FrL,MEDIA
787,Mecanizada,Hibrido,GRANULAR,NINGUNO,Ar,BAJA
3278,Manual,OGM,ATERRONADA,LENTO,FAr,MEDIA
3299,Manual,OGM,GRANULAR,NINGUNO,A,MEDIA
4501,Mecanizada,Hibrido,ATERRONADA,NINGUNO,FAr,BAJA
4502,Manual,OGM,GRANULAR,NINGUNO,FA,MEDIA
4504,Manual,OGM,GRANULAR,NINGUNO,F,BAJA
4506,Manual,OGM,ATERRONADA,NINGUNO,Ar,BAJA
4507,Manual,Hibrido,GRANULAR,NINGUNO,FA,BAJA
4510,Mecanizada,OGM,ATERRONADA,LENTO,FA,MEDIA
4551,Manual,OGM,GRANULAR,NINGUNO,FA,MEDIA
4605,Manual,OGM,GRANULAR,NINGUNO,F,BAJA
4606,Manual,Hibrido,ATERRONADA,LENTO,FAr,MEDIA
2871,Manual,OGM,GRANULAR,NINGUNO,FAr,BAJA
2896,Mecanizada,Hibrido,ATERRONADA,LENTO,FAr,BAJA
2153,Manual,OGM,GRANULAR,NINGUNO,FA,MEDIA
2541,Manual,OGM,GRANULAR,LENTO,FAr,BAJA
2925,Manual,OGM,GRANULAR,NINGUNO,FAr,BAJA
2831,Manual,OGM,GRANULAR,NINGUNO,FAr,BAJA
2836,Manual,Hibrido,GRANULAR,NINGUNO,Ar,BAJA
2301,Manual,Hibrido,GRANULAR,NINGUNO,F,MEDIA
2754,Manual,Hibrido,GRANULAR,NINGUNO,F,BAJA
2747,Manual,Hibrido,GRANULAR,NINGUNO,F,BAJA
2950,Manual,OGM,GRANULAR,NINGUNO,FAr,BAJA
2751,Manual,OGM,ATERRONADA,NINGUNO,F,BAJA
2752,Manual,Hibrido,GRANULAR,NINGUNO,ArA,BAJA
2302,Manual,Hibrido,ATERRONADA,NINGUNO,FAr,BAJA
2741,Manual,OGM,GRANULAR,NINGUNO,F,BAJA
2750,Manual,OGM,GRANULAR,NINGUNO,FAr,MEDIA
2949,Manual,Hibrido,GRANULAR,NINGUNO,FAr,BAJA
2940,Manual,Hibrido,GRANULAR,NINGUNO,FAr,BAJA
2946,Manual,Hibrido,GRANULAR,LENTO,FAr,MEDIA
3172,Manual,OGM,GRANULAR,NINGUNO,FAr,BAJA
3173,Manual,OGM,GRANULAR,NINGUNO,FAr,BAJA
3174,Manual,OGM,GRANULAR,NINGUNO,F,BAJA
3175,Manual,OGM,GRANULAR,NINGUNO,ArA,BAJA
3176,Manual,OGM,GRANULAR,NINGUNO,ArA,BAJA
3177,Manual,OGM,GRANULAR,NINGUNO,FAr,BAJA
3179,Mecanizada,OGM,GRANULAR,NINGUNO,ArA,MEDIA
3180,Manual,OGM,GRANULAR,NINGUNO,F,BAJA
3181,Mecanizada,OGM,GRANULAR,NINGUNO,FAr,MEDIA
3182,Mecanizada,Hibrido,GRANULAR,NINGUNO,Ar,BAJA
3183,Manual,Hibrido,GRANULAR,NINGUNO,FAr,BAJA
3184,Manual,OGM,GRANULAR,NINGUNO,Ar,BAJA
3185,Manual,Hibrido,ATERRONADA,NINGUNO,A,MEDIA
3188,Manual,Hibrido,GRANULAR,LENTO,FAr,MEDIA
3190,Manual,Hibrido,GRANULAR,LENTO,FAr,BAJA
3191,Manual,Hibrido,GRANULAR,LENTO,FAr,BAJA
3192,Manual,Hibrido,GRANULAR,LENTO,FA,MEDIA
3193,Mecanizada,OGM,GRANULAR,LENTO,FAr,MEDIA
3194,Manual,Hibrido,GRANULAR,LENTO,FAr,MEDIA
3195,Manual,OGM,GRANULAR,LENTO,FAr,MEDIA
3196,Mecanizada,OGM,ATERRONADA,LENTO,FAr,MEDIA
3197,Manual,OGM,ATERRONADA,LENTO,FAr,MEDIA
3198,Mecanizada,OGM,GRANULAR,LENTO,FAr,MEDIA
3202,Manual,Hibrido,GRANULAR,LENTO,FAr,MEDIA
3203,Mecanizada,OGM,GRANULAR,LENTO,FAr,MEDIA
3204,Manual,OGM,GRANULAR,LENTO,FAr,MEDIA
3205,Mecanizada,Hibrido,GRANULAR,LENTO,FAr,MEDIA
3206,Mecanizada,OGM,GRANULAR,LENTO,FAr,MEDIA
3207,Manual,OGM,ATERRONADA,LENTO,FA,BAJA
3208,Manual,OGM,GRANULAR,LENTO,FAr,MEDIA
3209,Manual,Hibrido,GRANULAR,LENTO,FAr,BAJA
3211,Manual,Hibrido,GRANULAR,LENTO,FAr,MEDIA
3212,Manual,OGM,GRANULAR,LENTO,FA,MEDIA
3213,Manual,Hibrido,GRANULAR,LENTO,FA,MEDIA
3214,Manual,Hibrido,GRANULAR,LENTO,FA,MEDIA
3215,Manual,Hibrido,GRANULAR,LENTO,FAr,MEDIA
3216,Manual,Hibrido,GRANULAR,LENTO,FA,BAJA
3217,Manual,OGM,GRANULAR,LENTO,FAr,MEDIA
3218,Manual,OGM,GRANULAR,LENTO,FAr,BAJA
3219,Manual,Hibrido,GRANULAR,LENTO,FAr,BAJA
3220,Manual,Hibrido,GRANULAR,NINGUNO,F,MEDIA
3221,Manual,Hibrido,GRANULAR,NINGUNO,FAr,MEDIA
3222,Manual,Hibrido,GRANULAR,NINGUNO,F,MEDIA
3223,Manual,Hibrido,GRANULAR,NINGUNO,F,MEDIA
3224,Manual,Hibrido,ATERRONADA,NINGUNO,FrL,MEDIA
3225,Manual,Hibrido,ATERRONADA,NINGUNO,FAr,MEDIA
3227,Manual,Hibrido,ATERRONADA,NINGUNO,FAr,MEDIA
3228,Manual,Hibrido,GRANULAR,NINGUNO,F,MEDIA
3230,Manual,Hibrido,GRANULAR,NINGUNO,FrL,MEDIA
3231,Manual,Variedad,ATERRONADA,NINGUNO,FrL,MEDIA
3237,Manual,Hibrido,GRANULAR,NINGUNO,FAr,MEDIA
3238,Manual,Hibrido,ATERRONADA,NINGUNO,FrL,MEDIA
3267,Manual,Hibrido,ATERRONADA,NINGUNO,FA,MEDIA
3268,Manual,Hibrido,ATERRONADA,NINGUNO,Ar,MEDIA
3270,Manual,Hibrido,ATERRONADA,NINGUNO,Ar,MEDIA
3271,Manual,Hibrido,GRANULAR,NINGUNO,F,MEDIA
3273,Manual,Hibrido,GRANULAR,NINGUNO,F,MEDIA
3274,Manual,Hibrido,GRANULAR,NINGUNO,F,MEDIA
3275,Mecanizada,OGM,ATERRONADA,LENTO,FAr,MEDIA
3276,Mecanizada,OGM,GRANULAR,LENTO,FAr,MEDIA
3279,Manual,OGM,GRANULAR,LENTO,FAr,MEDIA
769,Manual,OGM,GRANULAR,LENTO,FA,MEDIA
3312,Manual,OGM,GRANULAR,LENTO,FAr,MEDIA
3313,Manual,Hibrido,ATERRONADA,NINGUNO,FrL,MEDIA
3314,Manual,Hibrido,GRANULAR,NINGUNO,F,MEDIA
3315,Manual,Hibrido,ATERRONADA,NINGUNO,FrL,MEDIA
3316,Manual,Hibrido,GRANULAR,NINGUNO,F,MEDIA
3317,Manual,Hibrido,GRANULAR,LENTO,F,MEDIA
779,Manual,Hibrido,GRANULAR,NINGUNO,FA,BAJA
780,Manual,Hibrido,GRANULAR,LENTO,FA,MEDIA
3320,Manual,Hibrido,ATERRONADA,NINGUNO,FAr,MEDIA
3321,Manual,Hibrido,MASIVA,NINGUNO,FrL,BAJA
3322,Mecanizada,Hibrido,MASIVA,NINGUNO,Ar,MEDIA
3323,Mecanizada,Hibrido,ATERRONADA,LENTO,Ar,MEDIA
786,Manual,Hibrido,MASIVA,LENTO,Ar,MEDIA
3326,Manual,Hibrido,GRANULAR,NINGUNO,F,MEDIA
3328,Manual,Hibrido,ATERRONADA,NINGUNO,Ar,MEDIA
3329,Mecanizada,Hibrido,ATERRONADA,NINGUNO,FAr,MEDIA
3330,Manual,Hibrido,ATERRONADA,NINGUNO,FAr,MEDIA
3331,Manual,Hibrido,ATERRONADA,NINGUNO,FrL,MEDIA
3332,Manual,Hibrido,ATERRONADA,NINGUNO,L,MEDIA
3333,Manual,Variedad,ATERRONADA,NINGUNO,FAr,MEDIA
3334,Manual,Variedad,ATERRONADA,NINGUNO,FAr,BAJA
3335,Manual,Hibrido,ATERRONADA,NINGUNO,Ar,MEDIA
807,Manual,Hibrido,ATERRONADA,NINGUNO,FAr,MEDIA
3337,Manual,Hibrido,ATERRONADA,NINGUNO,L,MEDIA
3339,Mecanizada,Hibrido,ATERRONADA,NINGUNO,FrL,MEDIA
3340,Manual,Hibrido,ATERRONADA,NINGUNO,FrL,MEDIA
3341,Manual,Hibrido,ATERRONADA,NINGUNO,L,MEDIA
3342,Manual,Hibrido,ATERRONADA,NINGUNO,F,MEDIA
3343,Manual,Hibrido,ATERRONADA,NINGUNO,FrL,MEDIA
3344,Manual,Hibrido,ATERRONADA,NINGUNO,Ar,MEDIA
3345,Manual,Hibrido,ATERRONADA,NINGUNO,FAr,MEDIA
3346,Manual,Hibrido,ATERRONADA,NINGUNO,L,MEDIA
3347,Manual,Hibrido,GRANULAR,NINGUNO,F,MEDIA
3348,Manual,Hibrido,ATERRONADA,NINGUNO,FrL,MEDIA
825,Manual,Hibrido,GRANULAR,NINGUNO,F,MEDIA
828,Manual,Hibrido,ATERRONADA,NINGUNO,L,MEDIA
834,Manual,Hibrido,ATERRONADA,NINGUNO,FrL,MEDIA
836,Manual,Hibrido,ATERRONADA,NINGUNO,L,MEDIA
841,Manual,Hibrido,ATERRONADA,NINGUNO,Ar,MEDIA
1778,Manual,Hibrido,ATERRONADA,NINGUNO,L,MEDIA
3690,Manual,Hibrido,ATERRONADA,NINGUNO,FAr,MEDIA
3698,Manual,Hibrido,ATERRONADA,MODERADO,FrL,MEDIA
3699,Manual,Hibrido,GRANULAR,NINGUNO,F,MEDIA
3701,Manual,Hibrido,ATERRONADA,NINGUNO,FrL,MEDIA
3713,Manual,Hibrido,ATERRONADA,NINGUNO,Ar,MEDIA
3732,Manual,Hibrido,ATERRONADA,NINGUNO,FrL,MEDIA
3739,Manual,Hibrido,ATERRONADA,NINGUNO,FrL,MEDIA
3741,Manual,Hibrido,GRANULAR,NINGUNO,F,MEDIA
3744,Manual,Hibrido,GRANULAR,NINGUNO,F,MEDIA
3751,Manual,Hibrido,ATERRONADA,NINGUNO,L,MEDIA
3775,Manual,Hibrido,ATERRONADA,NINGUNO,FAr,MEDIA
3815,Manual,Hibrido,ATERRONADA,NINGUNO,FrL,MEDIA
3816,Manual,Hibrido,ATERRONADA,NINGUNO,FAr,MEDIA
3817,Manual,Hibrido,GRANULAR,NINGUNO,F,MEDIA
3818,Manual,Hibrido,ATERRONADA,NINGUNO,FrL,MEDIA
3819,Manual,Hibrido,ATERRONADA,NINGUNO,FrL,MEDIA
3821,Mecanizada,OGM,GRANULAR,NINGUNO,F,BAJA
3825,Manual,Hibrido,GRANULAR,NINGUNO,FAr,BAJA
3826,Mecanizada,OGM,GRANULAR,NINGUNO,FAr,BAJA
3828,Manual,Hibrido,ATERRONADA,NINGUNO,Ar,MEDIA
3830,Manual,Variedad,ATERRONADA,LENTO,FA,MEDIA
3849,Manual,Hibrido,ATERRONADA,NINGUNO,ArL,MEDIA
3853,Mecanizada,Hibrido,ATERRONADA,LENTO,FrL,MEDIA
3856,Manual,Hibrido,GRANULAR,NINGUNO,ArA,MEDIA
3857,Manual,Hibrido,MASIVA,NINGUNO,F,MEDIA
3911,Mecanizada,OGM,ATERRONADA,LENTO,FAr,BAJA
3912,Mecanizada,OGM,ATERRONADA,LENTO,FAr,BAJA
3913,Manual,OGM,GRANULAR,NINGUNO,Ar,BAJA
3914,Manual,Hibrido,GRANULAR,NINGUNO,F,BAJA
2030,Manual,OGM,GRANULAR,NINGUNO,F,BAJA
3916,Manual,OGM,GRANULAR,NINGUNO,F,BAJA
3917,Manual,Semilla Campesina,GRANULAR,NINGUNO,FAr,BAJA
3918,Manual,OGM,GRANULAR,NINGUNO,FAr,BAJA
3920,Manual,OGM,GRANULAR,NINGUNO,FAr,BAJA
3921,Manual,OGM,GRANULAR,NINGUNO,F,BAJA
3923,Manual,OGM,GRANULAR,NINGUNO,FAr,BAJA
3924,Manual,OGM,GRANULAR,NINGUNO,F,BAJA
3926,Manual,OGM,GRANULAR,NINGUNO,FAr,BAJA
3927,Mecanizada,OGM,ATERRONADA,LENTO,FAr,BAJA
3930,Manual,OGM,GRANULAR,NINGUNO,F,BAJA
3931,Manual,OGM,ATERRONADA,LENTO,FAr,BAJA
2047,Manual,OGM,GRANULAR,NINGUNO,FAr,BAJA
3936,Manual,OGM,GRANULAR,NINGUNO,FAr,BAJA
3937,Manual,OGM,GRANULAR,NINGUNO,F,BAJA
3939,Manual,OGM,GRANULAR,NINGUNO,FAr,BAJA
3940,Manual,OGM,GRANULAR,NINGUNO,FAr,BAJA
3942,Manual,Hibrido,ATERRONADA,LENTO,FAr,BAJA
2057,Mecanizada,OGM,ATERRONADA,LENTO,FAr,BAJA
2063,Mecanizada,OGM,ATERRONADA,LENTO,FAr,BAJA
3945,Manual,OGM,GRANULAR,NINGUNO,F,BAJA
2065,Manual,Hibrido,GRANULAR,NINGUNO,F,BAJA
2066,Manual,Hibrido,GRANULAR,NINGUNO,F,BAJA
3958,Manual,OGM,GRANULAR,NINGUNO,F,BAJA
2068,Manual,OGM,GRANULAR,NINGUNO,FAr,BAJA
3961,Manual,OGM,GRANULAR,NINGUNO,FAr,BAJA
2070,Manual,OGM,GRANULAR,NINGUNO,FAr,BAJA
2071,Manual,OGM,GRANULAR,NINGUNO,FAr,BAJA
2072,Manual,OGM,GRANULAR,NINGUNO,FAr,BAJA
2074,Manual,OGM,GRANULAR,NINGUNO,FAr,BAJA
2076,Manual,Hibrido,GRANULAR,NINGUNO,F,BAJA
2077,Manual,OGM,GRANULAR,NINGUNO,F,BAJA
3981,Manual,OGM,GRANULAR,NINGUNO,F,BAJA
3983,Manual,OGM,GRANULAR,NINGUNO,FAr,BAJA
3984,Manual,OGM,GRANULAR,NINGUNO,Ar,BAJA
2098,Manual,OGM,GRANULAR,NINGUNO,F,BAJA
2099,Manual,OGM,GRANULAR,NINGUNO,FAr,BAJA
2100,Manual,Hibrido,GRANULAR,NINGUNO,FAr,BAJA
2101,Manual,OGM,GRANULAR,NINGUNO,FAr,BAJA
2102,Manual,OGM,GRANULAR,NINGUNO,F,MEDIA
2103,Manual,Hibrido,GRANULAR,NINGUNO,F,BAJA
2104,Manual,OGM,GRANULAR,NINGUNO,F,BAJA
2105,Manual,OGM,GRANULAR,NINGUNO,F,BAJA
4161,Manual,Hibrido,GRANULAR,NINGUNO,F,BAJA
4162,Manual,OGM,GRANULAR,NINGUNO,Ar,BAJA
2109,Manual,Hibrido,GRANULAR,NINGUNO,F,BAJA
4165,Manual,OGM,GRANULAR,NINGUNO,FAr,BAJA
4166,Manual,Semilla Campesina,GRANULAR,NINGUNO,F,BAJA
4167,Manual,Hibrido,GRANULAR,NINGUNO,FAr,BAJA
4251,Manual,OGM,GRANULAR,LENTO,FAr,BAJA
4252,Manual,OGM,GRANULAR,LENTO,FAr,BAJA
4376,Manual,OGM,GRANULAR,NINGUNO,F,MEDIA
4377,Manual,OGM,GRANULAR,NINGUNO,Ar,BAJA
4378,Manual,OGM,GRANULAR,NINGUNO,FAr,BAJA
4379,Manual,Hibrido,GRANULAR,NINGUNO,Ar,BAJA
4390,Manual,Hibrido,GRANULAR,NINGUNO,Ar,BAJA
4391,Manual,OGM,GRANULAR,NINGUNO,FAr,BAJA
4414,Manual,OGM,GRANULAR,NINGUNO,FAr,BAJA
4417,Manual,OGM,GRANULAR,NINGUNO,FAr,BAJA
4419,Manual,OGM,GRANULAR,NINGUNO,F,BAJA
4421,Manual,Hibrido,GRANULAR,NINGUNO,Ar,BAJA
4434,Manual,OGM,GRANULAR,NINGUNO,F,BAJA
4439,Manual,Semilla Campesina,ATERRONADA,LENTO,FrL,MEDIA
2447,Manual,OGM,ATERRONADA,LENTO,F,MEDIA
2449,Manual,OGM,GRANULAR,NINGUNO,FAr,BAJA
2450,Manual,OGM,GRANULAR,NINGUNO,F,BAJA
2452,Manual,Semilla Campesina,ATERRONADA,NINGUNO,FrL,BAJA
2454,Manual,Semilla Campesina,ATERRONADA,LENTO,F,MEDIA
4564,Manual,OGM,ATERRONADA,LENTO,FAr,MEDIA
4565,Manual,OGM,ATERRONADA,LENTO,FAr,MEDIA
4566,Manual,Hibrido,ATERRONADA,LENTO,FAr,MEDIA
4567,Manual,OGM,ATERRONADA,LENTO,FAr,MEDIA
4570,Manual,Hibrido,ATERRONADA,LENTO,FAr,MEDIA
2502,Manual,Hibrido,ATERRONADA,LENTO,FAr,MEDIA
2503,Manual,OGM,ATERRONADA,LENTO,FAr,BAJA
2504,Manual,OGM,ATERRONADA,LENTO,FA,MEDIA
4577,Manual,OGM,ATERRONADA,LENTO,FA,MEDIA
4597,Manual,Hibrido,ATERRONADA,LENTO,FA,BAJA
4598,Manual,Hibrido,ATERRONADA,LENTO,FA,MEDIA
4599,Manual,OGM,GRANULAR,LENTO,FA,MEDIA
2523,Manual,OGM,GRANULAR,LENTO,FA,MEDIA
2526,Manual,OGM,GRANULAR,LENTO,FA,MEDIA
4610,Manual,OGM,GRANULAR,NINGUNO,FAr,BAJA
4611,Manual,OGM,GRANULAR,NINGUNO,F,BAJA
4614,Manual,OGM,GRANULAR,NINGUNO,F,BAJA
4615,Manual,OGM,GRANULAR,NINGUNO,F,BAJA
4616,Manual,Hibrido,GRANULAR,NINGUNO,Ar,BAJA
4618,Manual,OGM,GRANULAR,NINGUNO,FAr,BAJA
2554,Manual,OGM,GRANULAR,NINGUNO,F,BAJA
4628,Manual,Hibrido,GRANULAR,NINGUNO,F,BAJA
4629,Manual,OGM,GRANULAR,NINGUNO,F,BAJA
2562,Manual,OGM,GRANULAR,NINGUNO,F,BAJA
2564,Manual,OGM,GRANULAR,NINGUNO,FrL,BAJA
2565,Manual,OGM,GRANULAR,NINGUNO,F,BAJA
2566,Manual,OGM,GRANULAR,NINGUNO,FAr,BAJA
2567,Manual,OGM,GRANULAR,NINGUNO,FrL,BAJA
2569,Manual,OGM,GRANULAR,NINGUNO,Ar,BAJA
4637,Manual,OGM,GRANULAR,NINGUNO,FAr,BAJA
2575,Manual,Semilla Campesina,ATERRONADA,LENTO,FAr,MEDIA
2576,Manual,Semilla Campesina,ATERRONADA,LENTO,FrL,MEDIA
4640,Manual,Semilla Campesina,ATERRONADA,LENTO,FrL,BAJA
2578,Manual,OGM,GRANULAR,NINGUNO,F,BAJA
4642,Manual,OGM,GRANULAR,LENTO,FAr,MEDIA
2580,Mecanizada,OGM,ATERRONADA,LENTO,FAr,MEDIA
2581,Mecanizada,OGM,ATERRONADA,LENTO,FAr,MEDIA
2582,Mecanizada,Hibrido,ATERRONADA,LENTO,FAr,MEDIA
2583,Mecanizada,OGM,GRANULAR,NINGUNO,L,MEDIA
2584,Manual,Hibrido,GRANULAR,NINGUNO,F,BAJA
2585,Manual,OGM,GRANULAR,LENTO,ArA,MEDIA
2586,Manual,Hibrido,GRANULAR,NINGUNO,FAr,BAJA
2587,Manual,OGM,GRANULAR,LENTO,FAr,MEDIA
2588,Manual,OGM,GRANULAR,LENTO,FAr,MEDIA
2589,Mecanizada,OGM,GRANULAR,NINGUNO,F,BAJA
2591,Manual,OGM,GRANULAR,LENTO,FA,MEDIA
2592,Manual,OGM,GRANULAR,NINGUNO,FAr,BAJA
2594,Manual,OGM,GRANULAR,NINGUNO,F,BAJA
2595,Manual,Hibrido,GRANULAR,NINGUNO,Ar,BAJA
2596,Manual,OGM,GRANULAR,NINGUNO,FAr,BAJA
2597,Mecanizada,OGM,GRANULAR,NINGUNO,FAr,BAJA
4664,Manual,Hibrido,GRANULAR,NINGUNO,FAr,BAJA
2618,Manual,Hibrido,ATERRONADA,NINGUNO,FrL,BAJA
2619,Manual,OGM,GRANULAR,NINGUNO,FAr,MEDIA
2620,Manual,OGM,ATERRONADA,NINGUNO,FA,MEDIA
2621,Manual,OGM,GRANULAR,NINGUNO,Ar,BAJA
2623,Mecanizada,Hibrido,GRANULAR,NINGUNO,FAr,MEDIA
2624,Manual,OGM,GRANULAR,LENTO,FAr,BAJA
2626,Manual,OGM,GRANULAR,LENTO,FAr,MEDIA
2628,Manual,OGM,GRANULAR,LENTO,FAr,BAJA
2629,Manual,OGM,GRANULAR,LENTO,FAr,BAJA
2630,Mecanizada,OGM,GRANULAR,LENTO,FAr,MEDIA
2632,Mecanizada,OGM,GRANULAR,LENTO,FAr,BAJA
2633,Mecanizada,OGM,GRANULAR,LENTO,FAr,BAJA
3336,Mecanizada,OGM,GRANULAR,LENTO,FAr,BAJA
2292,Manual,Hibrido,ATERRONADA,LENTO,FAr,MEDIA
2442,Manual,OGM,GRANULAR,LENTO,FAr,BAJA
2935,Manual,OGM,GRANULAR,LENTO,FAr,MEDIA
2403,Manual,OGM,ATERRONADA,LENTO,FAr,MEDIA
2553,Manual,Hibrido,ATERRONADA,LENTO,FA,MEDIA
2826,Mecanizada,Hibrido,ATERRONADA,LENTO,FAr,MEDIA
2300,Manual,OGM,ATERRONADA,LENTO,FAr,MEDIA
2763,Manual,OGM,ATERRONADA,LENTO,FAr,MEDIA
2738,Manual,OGM,ATERRONADA,LENTO,FAr,MEDIA
2923,Manual,OGM,GRANULAR,NINGUNO,F,MEDIA
2924,Manual,Hibrido,GRANULAR,NINGUNO,F,BAJA
2889,Manual,Hibrido,GRANULAR,NINGUNO,FAr,BAJA
2897,Mecanizada,OGM,GRANULAR,NINGUNO,FA,MEDIA
2748,Mecanizada,OGM,GRANULAR,NINGUNO,FAr,BAJA
2942,Manual,Hibrido,GRANULAR,NINGUNO,FA,MEDIA
2945,Manual,OGM,GRANULAR,NINGUNO,L,MEDIA
2939,Manual,OGM,GRANULAR,NINGUNO,FA,MEDIA
2938,Manual,Hibrido,GRANULAR,NINGUNO,FAr,BAJA
3044,Manual,OGM,GRANULAR,NINGUNO,FA,MEDIA
3048,Manual,OGM,GRANULAR,NINGUNO,FAr,BAJA
3178,Mecanizada,OGM,GRANULAR,NINGUNO,F,BAJA
3201,Manual,Hibrido,GRANULAR,NINGUNO,F,BAJA
3229,Manual,OGM,GRANULAR,NINGUNO,FrL,MEDIA
3297,Manual,OGM,ATERRONADA,NINGUNO,ArL,BAJA
3298,Manual,OGM,GRANULAR,NINGUNO,FA,BAJA
3300,Manual,Hibrido,GRANULAR,NINGUNO,F,BAJA
3301,Manual,OGM,GRANULAR,NINGUNO,FAr,MEDIA
3318,Manual,OGM,GRANULAR,NINGUNO,FAr,BAJA
3319,Mecanizada,OGM,GRANULAR,NINGUNO,F,BAJA
3324,Manual,Hibrido,GRANULAR,NINGUNO,F,BAJA
4561,Manual,OGM,GRANULAR,NINGUNO,F,BAJA
4568,Manual,OGM,ATERRONADA,NINGUNO,F,BAJA
4569,Manual,OGM,GRANULAR,NINGUNO,FA,MEDIA
4612,Manual,OGM,GRANULAR,NINGUNO,FAr,BAJA
4613,Manual,Hibrido,ATERRONADA,NINGUNO,L,MEDIA
4620,Manual,OGM,GRANULAR,NINGUNO,F,BAJA
4621,Manual,Hibrido,GRANULAR,NINGUNO,F,BAJA
4623,Manual,Hibrido,GRANULAR,NINGUNO,Ar,BAJA
4633,Mecanizada,OGM,GRANULAR,NINGUNO,FAr,BAJA
4634,Mecanizada,OGM,GRANULAR,NINGUNO,FAr,BAJA
3824,Mecanizada,OGM,GRANULAR,NINGUNO,FrL,BAJA
3865,Manual,Hibrido,GRANULAR,NINGUNO,A,MEDIA
3866,Manual,OGM,GRANULAR,NINGUNO,FAr,BAJA
3881,Mecanizada,OGM,ATERRONADA,LENTO,FAr,MEDIA
3882,Mecanizada,OGM,ATERRONADA,LENTO,FAr,MEDIA
3883,Mecanizada,OGM,ATERRONADA,LENTO,FAr,MEDIA
3890,Manual,OGM,GRANULAR,NINGUNO,FrL,BAJA
4666,Manual,OGM,GRANULAR,NINGUNO,F,BAJA
4667,Manual,OGM,GRANULAR,NINGUNO,FAr,MEDIA
3915,Manual,OGM,GRANULAR,NINGUNO,F,BAJA
3932,Manual,OGM,GRANULAR,NINGUNO,F,BAJA
3935,Manual,OGM,GRANULAR,NINGUNO,F,BAJA
3943,Manual,Hibrido,GRANULAR,NINGUNO,FAr,BAJA
3944,Manual,OGM,GRANULAR,NINGUNO,FAr,BAJA
3946,Manual,Hibrido,GRANULAR,NINGUNO,F,BAJA
3957,Manual,OGM,GRANULAR,NINGUNO,Ar,BAJA
3960,Manual,OGM,GRANULAR,NINGUNO,FA,MEDIA
3963,Manual,OGM,GRANULAR,NINGUNO,Ar,BAJA
4153,Manual,Hibrido,GRANULAR,NINGUNO,FAr,BAJA
4155,Manual,OGM,GRANULAR,NINGUNO,FAr,BAJA
4156,Manual,Hibrido,GRANULAR,NINGUNO,FAr,BAJA
4157,Manual,OGM,GRANULAR,NINGUNO,ArA,BAJA
4158,Manual,OGM,GRANULAR,NINGUNO,Ar,BAJA
4159,Mecanizada,Hibrido,GRANULAR,NINGUNO,Ar,BAJA
4163,Manual,OGM,GRANULAR,LENTO,FAr,MEDIA
4164,Manual,OGM,GRANULAR,LENTO,FAr,MEDIA
4238,Manual,OGM,GRANULAR,LENTO,FAr,MEDIA
4243,Mecanizada,Hibrido,ATERRONADA,LENTO,FAr,MEDIA
4249,Manual,OGM,ATERRONADA,NINGUNO,F,MEDIA
4291,Manual,OGM,GRANULAR,NINGUNO,FA,MEDIA
2894,Manual,Hibrido,GRANULAR,NINGUNO,F,BAJA
4331,Manual,OGM,GRANULAR,NINGUNO,ArA,BAJA
4332,Manual,OGM,GRANULAR,NINGUNO,FAr,MEDIA
4333,Manual,OGM,GRANULAR,NINGUNO,FAr,MEDIA
4335,Manual,OGM,GRANULAR,NINGUNO,F,BAJA
4336,Manual,OGM,GRANULAR,NINGUNO,Ar,BAJA
4337,Manual,OGM,GRANULAR,NINGUNO,Ar,BAJA
4352,Manual,OGM,GRANULAR,NINGUNO,FAr,BAJA
4355,Manual,Hibrido,GRANULAR,NINGUNO,F,BAJA
4362,Manual,OGM,GRANULAR,NINGUNO,F,BAJA
4375,Manual,OGM,GRANULAR,NINGUNO,FAr,BAJA
4380,Manual,Hibrido,GRANULAR,NINGUNO,F,BAJA
4381,Manual,OGM,GRANULAR,NINGUNO,FAr,BAJA
4382,Manual,OGM,GRANULAR,NINGUNO,F,BAJA
4383,Manual,OGM,GRANULAR,NINGUNO,F,BAJA
4384,Manual,OGM,GRANULAR,NINGUNO,F,BAJA
4386,Manual,OGM,GRANULAR,NINGUNO,FAr,BAJA
4387,Manual,OGM,GRANULAR,NINGUNO,FAr,BAJA
4388,Manual,Hibrido,GRANULAR,LENTO,FAr,MEDIA
4389,Mecanizada,OGM,ATERRONADA,LENTO,FAr,MEDIA
4392,Mecanizada,OGM,ATERRONADA,LENTO,FAr,MEDIA
4431,Mecanizada,OGM,ATERRONADA,LENTO,FAr,MEDIA
4432,Manual,Hibrido,GRANULAR,LENTO,FA,MEDIA
4433,Manual,Hibrido,ATERRONADA,LENTO,FAr,MEDIA
4435,Mecanizada,OGM,GRANULAR,LENTO,FAr,BAJA
4436,Mecanizada,OGM,GRANULAR,LENTO,FAr,MEDIA
4437,Mecanizada,OGM,GRANULAR,LENTO,FAr,BAJA
4438,Mecanizada,Hibrido,GRANULAR,LENTO,FAr,BAJA
4440,Mecanizada,OGM,ATERRONADA,LENTO,FAr,MEDIA
4441,Mecanizada,OGM,GRANULAR,LENTO,FAr,BAJA
4443,Mecanizada,OGM,GRANULAR,LENTO,FAr,MEDIA
4444,Mecanizada,OGM,ATERRONADA,LENTO,FAr,BAJA
4445,Mecanizada,OGM,ATERRONADA,LENTO,FAr,BAJA
4500,Mecanizada,OGM,ATERRONADA,LENTO,FAr,BAJA
4503,Mecanizada,OGM,ATERRONADA,LENTO,FAr,BAJA
4505,Mecanizada,OGM,ATERRONADA,LENTO,FAr,BAJA
4508,Mecanizada,OGM,ATERRONADA,LENTO,FAr,BAJA
4509,Mecanizada,OGM,ATERRONADA,LENTO,FAr,BAJA
4511,Mecanizada,OGM,GRANULAR,LENTO,FAr,MEDIA
4537,Mecanizada,OGM,GRANULAR,LENTO,FAr,BAJA
4538,Mecanizada,OGM,GRANULAR,LENTO,FAr,BAJA
4541,Mecanizada,OGM,ATERRONADA,LENTO,FAr,BAJA
4543,Mecanizada,OGM,GRANULAR,LENTO,FAr,MEDIA
4544,Mecanizada,OGM,ATERRONADA,LENTO,FAr,BAJA
4546,Mecanizada,OGM,ATERRONADA,LENTO,FAr,BAJA
4547,Mecanizada,OGM,ATERRONADA,LENTO,FAr,BAJA
4548,Manual,OGM,ATERRONADA,LENTO,FAr,BAJA
4556,Manual,Hibrido,ATERRONADA,LENTO,FAr,BAJA
4571,Manual,Hibrido,ATERRONADA,LENTO,FAr,MEDIA
4574,Manual,OGM,ATERRONADA,LENTO,FAr,MEDIA
4596,Manual,Hibrido,ATERRONADA,LENTO,FA,MEDIA
4600,Manual,OGM,ATERRONADA,LENTO,FAr,MEDIA
4601,Manual,OGM,ATERRONADA,LENTO,FAr,MEDIA
4602,Manual,Hibrido,ATERRONADA,LENTO,FAr,MEDIA
4607,Manual,OGM,ATERRONADA,LENTO,FA,MEDIA
4608,Manual,OGM,ATERRONADA,LENTO,FAr,BAJA
4609,Manual,Hibrido,ATERRONADA,LENTO,FAr,BAJA
4625,Manual,Hibrido,ATERRONADA,LENTO,FAr,MEDIA
4627,Manual,OGM,ATERRONADA,LENTO,FA,MEDIA
4630,Manual,Hibrido,ATERRONADA,LENTO,FA,MEDIA
4631,Manual,Hibrido,ATERRONADA,LENTO,FAr,MEDIA
4632,Manual,OGM,ATERRONADA,LENTO,FA,MEDIA
4635,Manual,OGM,ATERRONADA,LENTO,FAr,MEDIA
4636,Manual,Hibrido,ATERRONADA,LENTO,FAr,MEDIA
4638,Mecanizada,OGM,ATERRONADA,NINGUNO,FAr,MEDIA
4639,Mecanizada,OGM,ATERRONADA,LENTO,FAr,MEDIA
4641,Mecanizada,OGM,MASIVA,NINGUNO,Ar,MEDIA
4643,Mecanizada,Hibrido,ATERRONADA,LENTO,FAr,MEDIA
4644,Mecanizada,OGM,MASIVA,LENTO,Ar,MEDIA
4645,Mecanizada,OGM,ATERRONADA,LENTO,Ar,MEDIA
4647,Mecanizada,Hibrido,MASIVA,NINGUNO,FrL,MEDIA
4650,Mecanizada,OGM,ATERRONADA,LENTO,Ar,MEDIA
4651,Mecanizada,OGM,GRANULAR,LENTO,AF,BAJA
4652,Manual,OGM,ATERRONADA,LENTO,Ar,MEDIA
4653,Mecanizada,OGM,MASIVA,NINGUNO,Ar,BAJA
4654,Manual,Hibrido,ATERRONADA,LENTO,Ar,MEDIA
4655,Mecanizada,OGM,ATERRONADA,LENTO,FAr,MEDIA
4657,Manual,OGM,ATERRONADA,NINGUNO,Ar,MEDIA
4658,Mecanizada,Hibrido,GRANULAR,NINGUNO,Ar,MEDIA
4659,Mecanizada,Hibrido,ATERRONADA,NINGUNO,FAr,MEDIA
4660,Mecanizada,OGM,ATERRONADA,NINGUNO,FAr,MEDIA
4661,Manual,OGM,ATERRONADA,NINGUNO,Ar,MEDIA
4663,Manual,Hibrido,ATERRONADA,NINGUNO,FAr,MEDIA
4665,Mecanizada,OGM,GRANULAR,LENTO,Ar,MEDIA
4668,Mecanizada,Hibrido,ATERRONADA,LENTO,FAr,BAJA
4669,Mecanizada,OGM,ATERRONADA,NINGUNO,FAr,MEDIA
4670,Mecanizada,OGM,ATERRONADA,LENTO,Ar,MEDIA
4671,Mecanizada,Hibrido,ATERRONADA,NINGUNO,Ar,MEDIA
4672,Mecanizada,Hibrido,ATERRONADA,LENTO,Ar,MEDIA
4673,Mecanizada,Hibrido,ATERRONADA,NINGUNO,Ar,MEDIA
4674,Manual,Hibrido,MASIVA,LENTO,FAr,BAJA
4675,Mecanizada,Hibrido,ATERRONADA,LENTO,Ar,MEDIA
2952,Mecanizada,OGM,MASIVA,NINGUNO,FAr,MEDIA
2737,Manual,OGM,ATERRONADA,LENTO,Ar,MEDIA
2837,Manual,Hibrido,ATERRONADA,NINGUNO,Ar,MEDIA
2915,Manual,OGM,ATERRONADA,LENTO,Ar,BAJA
2899,Manual,Hibrido,ATERRONADA,NINGUNO,Ar,MEDIA
2909,Mecanizada,OGM,ATERRONADA,LENTO,Ar,MEDIA
2914,Mecanizada,OGM,ATERRONADA,NINGUNO,Ar,MEDIA
2926,Mecanizada,OGM,ATERRONADA,NINGUNO,FAr,MEDIA
2936,Mecanizada,OGM,ATERRONADA,NINGUNO,Ar,MEDIA
2941,Mecanizada,OGM,ATERRONADA,LENTO,Ar,MEDIA
2835,Mecanizada,Hibrido,ATERRONADA,LENTO,FAr,MEDIA
3282,Mecanizada,Hibrido,MASIVA,LENTO,Ar,BAJA
3285,Mecanizada,OGM,ATERRONADA,LENTO,Ar,MEDIA
3286,Mecanizada,OGM,ATERRONADA,LENTO,FA,MEDIA
3287,Mecanizada,OGM,MASIVA,LENTO,Ar,MEDIA
3290,Mecanizada,Hibrido,ATERRONADA,NINGUNO,FAr,MEDIA
3291,Mecanizada,OGM,ATERRONADA,LENTO,F,MEDIA
3306,Mecanizada,OGM,ATERRONADA,LENTO,Ar,MEDIA
3307,Mecanizada,OGM,SUELTA O POLVOSA,LENTO,F,MEDIA
3308,Mecanizada,OGM,ATERRONADA,LENTO,Ar,MEDIA
3309,Mecanizada,OGM,ATERRONADA,NINGUNO,FAr,MEDIA
3310,Mecanizada,Hibrido,ATERRONADA,NINGUNO,Ar,MEDIA
3325,Mecanizada,OGM,ATERRONADA,LENTO,Ar,BAJA
839,Mecanizada,Hibrido,MASIVA,NINGUNO,Ar,MEDIA
785,Manual,Hibrido,ATERRONADA,NINGUNO,F,MEDIA
789,Mecanizada,OGM,ATERRONADA,LENTO,FAr,MEDIA
3829,Mecanizada,OGM,ATERRONADA,LENTO,FAr,MEDIA
4299,Mecanizada,OGM,ATERRONADA,LENTO,Ar,BAJA
4385,Mecanizada,OGM,ATERRONADA,LENTO,Ar,MEDIA
4429,Mecanizada,OGM,ATERRONADA,NINGUNO,Ar,MEDIA
4430,Mecanizada,OGM,ATERRONADA,NINGUNO,Ar,MEDIA
3123,Mecanizada,Hibrido,MASIVA,LENTO,ArL,MEDIA
3232,Mecanizada,OGM,ATERRONADA,NINGUNO,Ar,MEDIA
3236,Mecanizada,OGM,ATERRONADA,LENTO,Ar,MEDIA
3251,Mecanizada,Hibrido,MASIVA,LENTO,ArL,MEDIA
3252,Manual,Hibrido,MASIVA,LENTO,Ar,MEDIA
3255,Mecanizada,Hibrido,MASIVA,NINGUNO,Ar,MEDIA
3256,Mecanizada,OGM,ATERRONADA,LENTO,Ar,MEDIA
3257,Mecanizada,Hibrido,ATERRONADA,NINGUNO,Ar,MEDIA
3260,Mecanizada,Hibrido,MASIVA,LENTO,Ar,MEDIA
3261,Mecanizada,Hibrido,MASIVA,NINGUNO,Ar,MEDIA
3263,Mecanizada,OGM,MASIVA,NINGUNO,Ar,MEDIA
3264,Mecanizada,OGM,MASIVA,NINGUNO,Ar,MEDIA
3266,Mecanizada,OGM,ATERRONADA,LENTO,Ar,MEDIA
3281,Mecanizada,OGM,MASIVA,NINGUNO,Ar,MEDIA
2617,Mecanizada,OGM,MASIVA,LENTO,Ar,MEDIA
3294,Mecanizada,OGM,ATERRONADA,NINGUNO,Ar,MEDIA
3295,Manual,OGM,ATERRONADA,LENTO,Ar,MEDIA
3022,Mecanizada,Hibrido,MASIVA,NINGUNO,FAr,MEDIA
3170,Mecanizada,Hibrido,MASIVA,NINGUNO,Ar,MEDIA
3187,Mecanizada,Hibrido,ATERRONADA,LENTO,Ar,MEDIA
3210,Mecanizada,OGM,ATERRONADA,NINGUNO,Ar,MEDIA
3233,Mecanizada,OGM,ATERRONADA,NINGUNO,Ar,MEDIA
3234,Mecanizada,OGM,MASIVA,LENTO,Ar,MEDIA
3235,Mecanizada,OGM,MASIVA,LENTO,Ar,MEDIA
3239,Mecanizada,OGM,ATERRONADA,NINGUNO,FAr,MEDIA
3240,Mecanizada,Hibrido,ATERRONADA,LENTO,F,MEDIA
3241,Mecanizada,OGM,MASIVA,LENTO,Ar,MEDIA
3242,Mecanizada,Hibrido,MASIVA,LENTO,Ar,MEDIA
3243,Mecanizada,Hibrido,MASIVA,NINGUNO,F,MEDIA
3247,Mecanizada,OGM,MASIVA,LENTO,Ar,MEDIA
3248,Mecanizada,OGM,MASIVA,NINGUNO,Ar,MEDIA
3249,Mecanizada,Hibrido,MASIVA,NINGUNO,Ar,BAJA
3250,Mecanizada,OGM,MASIVA,NINGUNO,Ar,MEDIA
3253,Mecanizada,Hibrido,MASIVA,LENTO,Ar,MEDIA
3254,Manual,Hibrido,MASIVA,LENTO,Ar,MEDIA
3258,Mecanizada,Hibrido,MASIVA,LENTO,Ar,MEDIA
3259,MECAanizada,Hibrido,ATERRONADA,LENTO,Ar,MEDIA
3262,Mecanizada,Hibrido,ATERRONADA,LENTO,Ar,MEDIA
3265,Mecanizada,OGM,ATERRONADA,NINGUNO,Ar,MEDIA
3292,Mecanizada,OGM,ATERRONADA,LENTO,Ar,MEDIA
3293,Mecanizada,OGM,ATERRONADA,LENTO,Ar,MEDIA
3302,Mecanizada,OGM,ATERRONADA,LENTO,Ar,MEDIA
3303,Mecanizada,Hibrido,MASIVA,NINGUNO,Ar,MEDIA
3304,Mecanizada,OGM,ATERRONADA,LENTO,Ar,MEDIA
3305,Mecanizada,OGM,MASIVA,NINGUNO,Ar,MEDIA
3311,Mecanizada,OGM,MASIVA,LENTO,Ar,MEDIA
3157,Mecanizada,Hibrido,ATERRONADA,LENTO,Ar,MEDIA
3159,Manual,OGM,ATERRONADA,LENTO,Ar,MEDIA
3165,Mecanizada,OGM,MASIVA,LENTO,Ar,MEDIA
3145,Manual,Hibrido,MASIVA,LENTO,Ar,MEDIA
3147,Mecanizada,Hibrido,ATERRONADA,NINGUNO,Ar,MEDIA
3164,Mecanizada,Hibrido,MASIVA,NINGUNO,Ar,MEDIA
3146,Manual,Hibrido,MASIVA,LENTO,Ar,MEDIA
3148,Manual,Hibrido,ATERRONADA,NINGUNO,Ar,MEDIA
3158,Mecanizada,Hibrido,MASIVA,LENTO,Ar,MEDIA
3160,Mecanizada,Hibrido,ATERRONADA,NINGUNO,Ar,MEDIA
3161,Mecanizada,OGM,MASIVA,LENTO,Ar,BAJA
3171,Mecanizada,OGM,MASIVA,NINGUNO,Ar,MEDIA
